Nom Dalle,Pixels Blancs (Arbres),Pourcentage Verdure (%),Surface Arborée (m2)
18430_51675_5cm_CC46,5983393,5.9834,14958.48
18370_51945_5cm_CC46,9971133,9.9711,24927.83
18465_51675_5cm_CC46,12151041,12.1510,30377.60
18420_51675_5cm_CC46,6598132,6.5981,16495.33
18425_51675_5cm_CC46,4464653,4.4647,11161.63
18435_51675_5cm_CC46,2624266,2.6243,6560.66
18460_51675_5cm_CC46,6937776,6.9378,17344.44
18375_51945_5cm_CC46,11363067,11.3631,28407.67
18445_51675_5cm_CC46,9125292,9.1253,22813.23
18475_51675_5cm_CC46,5481705,5.4817,13704.26
18440_51675_5cm_CC46,6343315,6.3433,15858.29
18415_51675_5cm_CC46,4498778,4.4988,11246.94
18455_51675_5cm_CC46,6513412,6.5134,16283.53
18365_51945_5cm_CC46,22581056,22.5811,56452.64
18470_51675_5cm_CC46,8910788,8.9108,22276.97
18450_51675_5cm_CC46,9122522,9.1225,22806.31
18360_51940_5cm_CC46,24189991,24.1900,60474.98
18365_51940_5cm_CC46,12178351,12.1784,30445.88
18380_51945_5cm_CC46,15504498,15.5045,38761.25
18380_51940_5cm_CC46,14109066,14.1091,35272.67
18380_51935_5cm_CC46,23042008,23.0420,57605.02
18385_51940_5cm_CC46,14780231,14.7802,36950.58
18375_51940_5cm_CC46,30507972,30.5080,76269.93
18360_51935_5cm_CC46,17186899,17.1869,42967.25
18370_51940_5cm_CC46,12636286,12.6363,31590.72
18370_51935_5cm_CC46,7875206,7.8752,19688.01
18355_51935_5cm_CC46,8602978,8.6030,21507.44
18375_51935_5cm_CC46,21450536,21.4505,53626.34
18385_51935_5cm_CC46,36039831,36.0398,90099.58
18365_51935_5cm_CC46,15639732,15.6397,39099.33
18350_51930_5cm_CC46,12610112,12.6101,31525.28
18355_51930_5cm_CC46,23144671,23.1447,57861.68
18380_51930_5cm_CC46,32491471,32.4915,81228.68
18360_51930_5cm_CC46,12486447,12.4864,31216.12
18370_51930_5cm_CC46,12528534,12.5285,31321.33
18385_51930_5cm_CC46,15603063,15.6031,39007.66
18365_51930_5cm_CC46,10651098,10.6511,26627.74
18375_51930_5cm_CC46,7986171,7.9862,19965.43
18390_51930_5cm_CC46,22172175,22.1722,55430.44
18395_51930_5cm_CC46,19254902,19.2549,48137.25
18370_51925_5cm_CC46,11910846,11.9108,29777.12
18360_51925_5cm_CC46,23062409,23.0624,57656.02
18350_51925_5cm_CC46,4487214,4.4872,11218.03
18375_51925_5cm_CC46,7544620,7.5446,18861.55
18365_51925_5cm_CC46,33924549,33.9245,84811.37
18385_51925_5cm_CC46,36830785,36.8308,92076.96
18380_51925_5cm_CC46,21006899,21.0069,52517.25
18355_51925_5cm_CC46,30532774,30.5328,76331.93
18395_51925_5cm_CC46,12945803,12.9458,32364.51
18400_51925_5cm_CC46,10088032,10.0880,25220.08
18390_51925_5cm_CC46,17240644,17.2406,43101.61
18405_51925_5cm_CC46,19512558,19.5126,48781.40
18355_51920_5cm_CC46,6352968,6.3530,15882.42
18345_51920_5cm_CC46,25224513,25.2245,63061.28
18370_51920_5cm_CC46,5105443,5.1054,12763.61
18365_51920_5cm_CC46,23732218,23.7322,59330.54
18385_51920_5cm_CC46,9613915,9.6139,24034.79
18390_51920_5cm_CC46,13266724,13.2667,33166.81
18360_51920_5cm_CC46,53147948,53.1479,132869.87
18350_51920_5cm_CC46,6530003,6.5300,16325.01
18400_51920_5cm_CC46,21933847,21.9338,54834.62
18380_51920_5cm_CC46,21996407,21.9964,54991.02
18395_51920_5cm_CC46,13477013,13.4770,33692.53
18375_51920_5cm_CC46,12502699,12.5027,31256.75
18405_51920_5cm_CC46,24975052,24.9751,62437.63
18435_51920_5cm_CC46,16505563,16.5056,41263.91
18430_51920_5cm_CC46,42703403,42.7034,106758.51
18340_51915_5cm_CC46,23444790,23.4448,58611.97
18345_51915_5cm_CC46,12938273,12.9383,32345.68
18365_51915_5cm_CC46,11462584,11.4626,28656.46
18360_51915_5cm_CC46,44617803,44.6178,111544.51
18350_51915_5cm_CC46,32572676,32.5727,81431.69
18355_51915_5cm_CC46,18476498,18.4765,46191.25
18375_51915_5cm_CC46,11005492,11.0055,27513.73
18380_51915_5cm_CC46,14896379,14.8964,37240.95
18370_51915_5cm_CC46,12543114,12.5431,31357.78
18400_51915_5cm_CC46,11671406,11.6714,29178.51
18390_51915_5cm_CC46,7888679,7.8887,19721.70
18385_51915_5cm_CC46,12960085,12.9601,32400.21
18395_51915_5cm_CC46,3203437,3.2034,8008.59
18405_51915_5cm_CC46,15033387,15.0334,37583.47
18410_51915_5cm_CC46,22444051,22.4441,56110.13
18415_51915_5cm_CC46,20375556,20.3756,50938.89
18420_51915_5cm_CC46,33532533,33.5325,83831.33
18435_51915_5cm_CC46,9737049,9.7370,24342.62
18425_51915_5cm_CC46,14131101,14.1311,35327.75
18440_51915_5cm_CC46,18526323,18.5263,46315.81
18430_51915_5cm_CC46,13428794,13.4288,33571.99
18350_51910_5cm_CC46,25020293,25.0203,62550.73
18345_51910_5cm_CC46,17147573,17.1476,42868.93
18445_51915_5cm_CC46,38858511,38.8585,97146.28
18340_51910_5cm_CC46,20108565,20.1086,50271.41
18355_51910_5cm_CC46,40036158,40.0362,100090.40
18360_51910_5cm_CC46,31666402,31.6664,79166.01
18370_51910_5cm_CC46,17402740,17.4027,43506.85
18365_51910_5cm_CC46,9721835,9.7218,24304.59
18385_51910_5cm_CC46,7400690,7.4007,18501.73
18380_51910_5cm_CC46,19589959,19.5900,48974.90
18400_51910_5cm_CC46,18288620,18.2886,45721.55
18395_51910_5cm_CC46,4735533,4.7355,11838.83
18375_51910_5cm_CC46,15536971,15.5370,38842.43
18425_51910_5cm_CC46,5953613,5.9536,14884.03
18410_51910_5cm_CC46,12392475,12.3925,30981.19
18405_51910_5cm_CC46,16634796,16.6348,41586.99
18415_51910_5cm_CC46,19251573,19.2516,48128.93
18390_51910_5cm_CC46,14720795,14.7208,36801.99
18420_51910_5cm_CC46,20123305,20.1233,50308.26
18440_51910_5cm_CC46,4450989,4.4510,11127.47
18445_51910_5cm_CC46,7347608,7.3476,18369.02
18450_51910_5cm_CC46,8044983,8.0450,20112.46
18430_51910_5cm_CC46,17186548,17.1865,42966.37
18435_51910_5cm_CC46,8995401,8.9954,22488.50
18340_51905_5cm_CC46,14825261,14.8253,37063.15
18345_51905_5cm_CC46,21074579,21.0746,52686.45
18350_51905_5cm_CC46,23141990,23.1420,57854.97
18355_51905_5cm_CC46,40227111,40.2271,100567.78
18360_51905_5cm_CC46,19986761,19.9868,49966.90
18380_51905_5cm_CC46,6052472,6.0525,15131.18
18385_51905_5cm_CC46,4049067,4.0491,10122.67
18370_51905_5cm_CC46,28535700,28.5357,71339.25
18365_51905_5cm_CC46,24160270,24.1603,60400.68
18410_51905_5cm_CC46,13079167,13.0792,32697.92
18415_51905_5cm_CC46,16442174,16.4422,41105.43
18425_51905_5cm_CC46,15977153,15.9772,39942.88
18435_51905_5cm_CC46,16388216,16.3882,40970.54
18440_51905_5cm_CC46,8597079,8.5971,21492.70
18350_51900_5cm_CC46,13522941,13.5229,33807.35
18355_51900_5cm_CC46,30435779,30.4358,76089.45
18345_51900_5cm_CC46,19193800,19.1938,47984.50
18455_51905_5cm_CC46,16653791,16.6538,41634.48
18450_51905_5cm_CC46,22189333,22.1893,55473.33
18370_51900_5cm_CC46,17500059,17.5001,43750.15
18375_51900_5cm_CC46,15325459,15.3255,38313.65
18365_51900_5cm_CC46,14361610,14.3616,35904.03
18380_51900_5cm_CC46,6762182,6.7622,16905.46
18360_51900_5cm_CC46,12448079,12.4481,31120.20
18385_51900_5cm_CC46,8355694,8.3557,20889.24
18390_51900_5cm_CC46,8295449,8.2954,20738.62
18395_51900_5cm_CC46,21104169,21.1042,52760.42
18400_51900_5cm_CC46,15249144,15.2491,38122.86
18405_51900_5cm_CC46,15283868,15.2839,38209.67
18415_51900_5cm_CC46,15531573,15.5316,38828.93
18410_51900_5cm_CC46,10365555,10.3656,25913.89
18420_51900_5cm_CC46,16173223,16.1732,40433.06
18460_51900_5cm_CC46,29833383,29.8334,74583.46
18455_51900_5cm_CC46,25286106,25.2861,63215.26
18450_51900_5cm_CC46,16143638,16.1436,40359.10
18435_51900_5cm_CC46,11607116,11.6071,29017.79
18430_51900_5cm_CC46,12881706,12.8817,32204.26
18440_51900_5cm_CC46,10866872,10.8669,27167.18
18425_51900_5cm_CC46,14075296,14.0753,35188.24
18445_51900_5cm_CC46,14001369,14.0014,35003.42
18360_51895_5cm_CC46,17635800,17.6358,44089.50
18370_51895_5cm_CC46,18570968,18.5710,46427.42
18365_51895_5cm_CC46,24661022,24.6610,61652.56
18400_51895_5cm_CC46,15506325,15.5063,38765.81
18385_51895_5cm_CC46,11061470,11.0615,27653.67
18375_51895_5cm_CC46,13493791,13.4938,33734.48
18380_51895_5cm_CC46,8219277,8.2193,20548.19
18410_51895_5cm_CC46,9997488,9.9975,24993.72
18390_51895_5cm_CC46,10855957,10.8560,27139.89
18405_51895_5cm_CC46,4082172,4.0822,10205.43
18415_51895_5cm_CC46,9445114,9.4451,23612.78
18395_51895_5cm_CC46,6582000,6.5820,16455.00
18420_51895_5cm_CC46,16559665,16.5597,41399.16
18425_51895_5cm_CC46,17270944,17.2709,43177.36
18430_51895_5cm_CC46,27565091,27.5651,68912.73
18440_51895_5cm_CC46,15881133,15.8811,39702.83
18435_51895_5cm_CC46,7511375,7.5114,18778.44
18445_51895_5cm_CC46,21762756,21.7628,54406.89
18450_51895_5cm_CC46,9889551,9.8896,24723.88
18365_51890_5cm_CC46,33064664,33.0647,82661.66
18460_51895_5cm_CC46,23422641,23.4226,58556.60
18360_51890_5cm_CC46,26376552,26.3766,65941.38
18390_51890_5cm_CC46,9526272,9.5263,23815.68
18375_51890_5cm_CC46,16652831,16.6528,41632.08
18400_51890_5cm_CC46,17803141,17.8031,44507.85
18370_51890_5cm_CC46,11542366,11.5424,28855.92
18385_51890_5cm_CC46,19953442,19.9534,49883.61
18380_51890_5cm_CC46,14348850,14.3488,35872.12
18455_51895_5cm_CC46,17879294,17.8793,44698.24
18405_51890_5cm_CC46,4983202,4.9832,12458.01
18410_51890_5cm_CC46,4993196,4.9932,12482.99
18395_51890_5cm_CC46,14966692,14.9667,37416.73
18415_51890_5cm_CC46,23322939,23.3229,58307.35
18420_51890_5cm_CC46,18724961,18.7250,46812.40
18425_51890_5cm_CC46,24017734,24.0177,60044.33
18440_51890_5cm_CC46,17256408,17.2564,43141.02
18435_51890_5cm_CC46,26636110,26.6361,66590.27
18455_51890_5cm_CC46,10146201,10.1462,25365.50
18430_51890_5cm_CC46,17189613,17.1896,42974.03
18445_51890_5cm_CC46,11828990,11.8290,29572.48
18450_51890_5cm_CC46,14474394,14.4744,36185.99
18360_51885_5cm_CC46,13510104,13.5101,33775.26
18365_51885_5cm_CC46,25098253,25.0983,62745.63
18460_51890_5cm_CC46,22735613,22.7356,56839.03
18380_51885_5cm_CC46,13139829,13.1398,32849.57
18375_51885_5cm_CC46,23336239,23.3362,58340.60
18370_51885_5cm_CC46,18898199,18.8982,47245.50
18385_51885_5cm_CC46,13101010,13.1010,32752.53
18390_51885_5cm_CC46,6232286,6.2323,15580.72
18405_51885_5cm_CC46,7471616,7.4716,18679.04
18395_51885_5cm_CC46,16373467,16.3735,40933.67
18410_51885_5cm_CC46,4445668,4.4457,11114.17
18400_51885_5cm_CC46,16844625,16.8446,42111.56
18430_51885_5cm_CC46,16214243,16.2142,40535.61
18415_51885_5cm_CC46,27080431,27.0804,67701.08
18420_51885_5cm_CC46,10981179,10.9812,27452.95
18435_51885_5cm_CC46,16043299,16.0433,40108.25
18440_51885_5cm_CC46,14278220,14.2782,35695.55
18455_51885_5cm_CC46,16029050,16.0291,40072.62
18425_51885_5cm_CC46,18906598,18.9066,47266.50
18445_51885_5cm_CC46,7616771,7.6168,19041.93
18450_51885_5cm_CC46,9078291,9.0783,22695.73
18460_51885_5cm_CC46,14022085,14.0221,35055.21
18470_51885_5cm_CC46,3058010,3.0580,7645.03
18475_51885_5cm_CC46,12274961,12.2750,30687.40
18465_51885_5cm_CC46,8284901,8.2849,20712.25
18350_51880_5cm_CC46,28950385,28.9504,72375.96
18355_51880_5cm_CC46,21164381,21.1644,52910.95
18360_51880_5cm_CC46,19674366,19.6744,49185.92
18385_51880_5cm_CC46,50119887,50.1199,125299.72
18365_51880_5cm_CC46,26525980,26.5260,66314.95
18370_51880_5cm_CC46,17876774,17.8768,44691.93
18390_51880_5cm_CC46,38611627,38.6116,96529.07
18410_51880_5cm_CC46,15924322,15.9243,39810.81
18375_51880_5cm_CC46,24817880,24.8179,62044.70
18395_51880_5cm_CC46,22090931,22.0909,55227.33
18415_51880_5cm_CC46,10693329,10.6933,26733.32
18380_51880_5cm_CC46,20235046,20.2350,50587.61
18405_51880_5cm_CC46,18195254,18.1953,45488.14
18400_51880_5cm_CC46,18723311,18.7233,46808.28
18420_51880_5cm_CC46,14433791,14.4338,36084.48
18425_51880_5cm_CC46,14401987,14.4020,36004.97
18430_51880_5cm_CC46,15135065,15.1351,37837.66
18440_51880_5cm_CC46,13685830,13.6858,34214.57
18435_51880_5cm_CC46,14353342,14.3533,35883.36
18465_51880_5cm_CC46,31694145,31.6941,79235.36
18455_51880_5cm_CC46,33526215,33.5262,83815.54
18475_51880_5cm_CC46,4826269,4.8263,12065.67
18445_51880_5cm_CC46,12751173,12.7512,31877.93
18450_51880_5cm_CC46,10465242,10.4652,26163.10
18470_51880_5cm_CC46,1368656,1.3687,3421.64
18460_51880_5cm_CC46,20166749,20.1667,50416.87
18350_51875_5cm_CC46,25643598,25.6436,64109.00
18345_51875_5cm_CC46,30755844,30.7558,76889.61
18355_51875_5cm_CC46,15431702,15.4317,38579.25
18360_51875_5cm_CC46,26490345,26.4903,66225.86
18365_51875_5cm_CC46,24733258,24.7333,61833.15
18370_51875_5cm_CC46,13703399,13.7034,34258.50
18385_51875_5cm_CC46,56167314,56.1673,140418.29
18375_51875_5cm_CC46,17063473,17.0635,42658.68
18380_51875_5cm_CC46,28722071,28.7221,71805.18
18390_51875_5cm_CC46,48388446,48.3884,120971.12
18400_51875_5cm_CC46,22000067,22.0001,55000.17
18395_51875_5cm_CC46,27991819,27.9918,69979.55
18415_51875_5cm_CC46,20541042,20.5410,51352.61
18405_51875_5cm_CC46,18697963,18.6980,46744.91
18410_51875_5cm_CC46,17234769,17.2348,43086.92
18425_51875_5cm_CC46,7288106,7.2881,18220.26
18430_51875_5cm_CC46,14678217,14.6782,36695.54
18420_51875_5cm_CC46,18727961,18.7280,46819.90
18440_51875_5cm_CC46,14482596,14.4826,36206.49
18435_51875_5cm_CC46,12894519,12.8945,32236.30
18445_51875_5cm_CC46,10414060,10.4141,26035.15
18450_51875_5cm_CC46,16703741,16.7037,41759.35
18455_51875_5cm_CC46,13688626,13.6886,34221.57
18465_51875_5cm_CC46,26356363,26.3564,65890.91
18460_51875_5cm_CC46,20520506,20.5205,51301.26
18470_51875_5cm_CC46,1382667,1.3827,3456.67
18350_51870_5cm_CC46,13673144,13.6731,34182.86
18475_51875_5cm_CC46,3530499,3.5305,8826.25
18345_51870_5cm_CC46,18934337,18.9343,47335.84
18355_51870_5cm_CC46,26963892,26.9639,67409.73
18480_51875_5cm_CC46,20644202,20.6442,51610.51
18365_51870_5cm_CC46,22021806,22.0218,55054.51
18360_51870_5cm_CC46,17591870,17.5919,43979.68
18340_51870_5cm_CC46,21238329,21.2383,53095.82
18375_51870_5cm_CC46,18471569,18.4716,46178.92
18370_51870_5cm_CC46,16747365,16.7474,41868.41
18380_51870_5cm_CC46,35692382,35.6924,89230.96
18385_51870_5cm_CC46,46239133,46.2391,115597.83
18395_51870_5cm_CC46,32012843,32.0128,80032.11
18390_51870_5cm_CC46,46368888,46.3689,115922.22
18400_51870_5cm_CC46,18907357,18.9074,47268.39
18405_51870_5cm_CC46,18821717,18.8217,47054.29
18425_51870_5cm_CC46,12475769,12.4758,31189.42
18415_51870_5cm_CC46,12774805,12.7748,31937.01
18445_51870_5cm_CC46,802462,0.8025,2006.15
18420_51870_5cm_CC46,20900729,20.9007,52251.82
18440_51870_5cm_CC46,16506794,16.5068,41266.99
18430_51870_5cm_CC46,15837363,15.8374,39593.41
18410_51870_5cm_CC46,27656251,27.6563,69140.63
18435_51870_5cm_CC46,12104230,12.1042,30260.58
18450_51870_5cm_CC46,1334623,1.3346,3336.56
18460_51870_5cm_CC46,9824819,9.8248,24562.05
18465_51870_5cm_CC46,13049640,13.0496,32624.10
18455_51870_5cm_CC46,7727995,7.7280,19319.99
18470_51870_5cm_CC46,6114426,6.1144,15286.07
18475_51870_5cm_CC46,17085504,17.0855,42713.76
18340_51865_5cm_CC46,28223595,28.2236,70558.99
18480_51870_5cm_CC46,14331958,14.3320,35829.90
18385_51865_5cm_CC46,40457161,40.4572,101142.90
18345_51865_5cm_CC46,28884791,28.8848,72211.98
18380_51865_5cm_CC46,48985622,48.9856,122464.06
18350_51865_5cm_CC46,18482031,18.4820,46205.08
18375_51865_5cm_CC46,41130653,41.1307,102826.63
18390_51865_5cm_CC46,30565478,30.5655,76413.70
18360_51865_5cm_CC46,9150599,9.1506,22876.50
18370_51865_5cm_CC46,39036556,39.0366,97591.39
18355_51865_5cm_CC46,27046104,27.0461,67615.26
18365_51865_5cm_CC46,16663956,16.6640,41659.89
18395_51865_5cm_CC46,37243226,37.2432,93108.07
18400_51865_5cm_CC46,39695826,39.6958,99239.57
18405_51865_5cm_CC46,36355502,36.3555,90888.76
18410_51865_5cm_CC46,31831033,31.8310,79577.58
18425_51865_5cm_CC46,9156780,9.1568,22891.95
18415_51865_5cm_CC46,19100282,19.1003,47750.71
18435_51865_5cm_CC46,24387545,24.3875,60968.86
18420_51865_5cm_CC46,19121538,19.1215,47803.85
18430_51865_5cm_CC46,15756797,15.7568,39391.99
18445_51865_5cm_CC46,42696519,42.6965,106741.30
18450_51865_5cm_CC46,8234697,8.2347,20586.74
18470_51865_5cm_CC46,10828165,10.8282,27070.41
18455_51865_5cm_CC46,20805027,20.8050,52012.57
18390_51860_5cm_CC46,1852973,1.8530,4632.43
18460_51865_5cm_CC46,23741705,23.7417,59354.26
18440_51865_5cm_CC46,21082221,21.0822,52705.55
18385_51860_5cm_CC46,4219638,4.2196,10549.09
18465_51865_5cm_CC46,33642555,33.6426,84106.39
18475_51865_5cm_CC46,13893184,13.8932,34732.96
18480_51865_5cm_CC46,7923454,7.9235,19808.64
18340_51860_5cm_CC46,21144569,21.1446,52861.42
18345_51860_5cm_CC46,26586033,26.5860,66465.08
18350_51860_5cm_CC46,19388581,19.3886,48471.45
18380_51860_5cm_CC46,44260934,44.2609,110652.34
18365_51860_5cm_CC46,23900343,23.9003,59750.86
18370_51860_5cm_CC46,34719772,34.7198,86799.43
18360_51860_5cm_CC46,11862870,11.8629,29657.17
18355_51860_5cm_CC46,22644573,22.6446,56611.43
18375_51860_5cm_CC46,47239461,47.2395,118098.65
18400_51860_5cm_CC46,35931958,35.9320,89829.90
18395_51860_5cm_CC46,28646483,28.6465,71616.21
18410_51860_5cm_CC46,39730331,39.7303,99325.83
18405_51860_5cm_CC46,59286130,59.2861,148215.33
18415_51860_5cm_CC46,29880507,29.8805,74701.27
18425_51860_5cm_CC46,12013883,12.0139,30034.71
18430_51860_5cm_CC46,17260765,17.2608,43151.91
18420_51860_5cm_CC46,20925637,20.9256,52314.09
18435_51860_5cm_CC46,10988441,10.9884,27471.10
18440_51860_5cm_CC46,23291381,23.2914,58228.45
18445_51860_5cm_CC46,16622553,16.6226,41556.38
18460_51860_5cm_CC46,13623147,13.6231,34057.87
18455_51860_5cm_CC46,14458328,14.4583,36145.82
18465_51860_5cm_CC46,14777600,14.7776,36944.00
18450_51860_5cm_CC46,11053068,11.0531,27632.67
18380_51855_5cm_CC46,3176358,3.1764,7940.90
18470_51860_5cm_CC46,23687691,23.6877,59219.23
18480_51860_5cm_CC46,10975693,10.9757,27439.23
18475_51860_5cm_CC46,17998376,17.9984,44995.94
18345_51855_5cm_CC46,29503776,29.5038,73759.44
18340_51855_5cm_CC46,11350097,11.3501,28375.24
18350_51855_5cm_CC46,24292082,24.2921,60730.21
18355_51855_5cm_CC46,18948390,18.9484,47370.97
18360_51855_5cm_CC46,27149439,27.1494,67873.60
18375_51855_5cm_CC46,39407517,39.4075,98518.79
18365_51855_5cm_CC46,31786095,31.7861,79465.24
18370_51855_5cm_CC46,36328633,36.3286,90821.58
18395_51855_5cm_CC46,34479343,34.4793,86198.36
18410_51855_5cm_CC46,33322201,33.3222,83305.50
18405_51855_5cm_CC46,50887366,50.8874,127218.42
18425_51855_5cm_CC46,16701343,16.7013,41753.36
18400_51855_5cm_CC46,34822452,34.8225,87056.13
18415_51855_5cm_CC46,36580353,36.5804,91450.88
18420_51855_5cm_CC46,26395101,26.3951,65987.75
18445_51855_5cm_CC46,10549693,10.5497,26374.23
18435_51855_5cm_CC46,18145718,18.1457,45364.29
18440_51855_5cm_CC46,12550823,12.5508,31377.06
18430_51855_5cm_CC46,20754460,20.7545,51886.15
18375_51850_5cm_CC46,3072979,3.0730,7682.45
18450_51855_5cm_CC46,14712963,14.7130,36782.41
18465_51855_5cm_CC46,6151112,6.1511,15377.78
18455_51855_5cm_CC46,11912503,11.9125,29781.26
18460_51855_5cm_CC46,13084562,13.0846,32711.41
18470_51855_5cm_CC46,18254700,18.2547,45636.75
18340_51850_5cm_CC46,15448653,15.4487,38621.63
18485_51855_5cm_CC46,39411757,39.4118,98529.39
18345_51850_5cm_CC46,18157795,18.1578,45394.49
18370_51850_5cm_CC46,36645035,36.6450,91612.59
18475_51855_5cm_CC46,15815083,15.8151,39537.71
18395_51850_5cm_CC46,34142103,34.1421,85355.26
18480_51855_5cm_CC46,34218300,34.2183,85545.75
18365_51850_5cm_CC46,37639835,37.6398,94099.59
18350_51850_5cm_CC46,18039660,18.0397,45099.15
18360_51850_5cm_CC46,35367178,35.3672,88417.95
18355_51850_5cm_CC46,18075906,18.0759,45189.76
18400_51850_5cm_CC46,44651710,44.6517,111629.28
18405_51850_5cm_CC46,43633886,43.6339,109084.71
18410_51850_5cm_CC46,34458335,34.4583,86145.84
18415_51850_5cm_CC46,33875044,33.8750,84687.61
18425_51850_5cm_CC46,19398948,19.3989,48497.37
18420_51850_5cm_CC46,14597177,14.5972,36492.94
18455_51850_5cm_CC46,15339323,15.3393,38348.31
18440_51850_5cm_CC46,13163476,13.1635,32908.69
18430_51850_5cm_CC46,28785684,28.7857,71964.21
18435_51850_5cm_CC46,17952327,17.9523,44880.82
18445_51850_5cm_CC46,15394209,15.3942,38485.52
18450_51850_5cm_CC46,17513489,17.5135,43783.72
18460_51850_5cm_CC46,16683636,16.6836,41709.09
18470_51850_5cm_CC46,11904845,11.9048,29762.11
18475_51850_5cm_CC46,16039767,16.0398,40099.42
18465_51850_5cm_CC46,15029979,15.0300,37574.95
18480_51850_5cm_CC46,52565666,52.5657,131414.17
18395_51845_5cm_CC46,33024224,33.0242,82560.56
18370_51845_5cm_CC46,22142727,22.1427,55356.82
18340_51845_5cm_CC46,17065296,17.0653,42663.24
18345_51845_5cm_CC46,22757042,22.7570,56892.61
18485_51850_5cm_CC46,42610005,42.6100,106525.01
18350_51845_5cm_CC46,10173423,10.1734,25433.56
18360_51845_5cm_CC46,30466600,30.4666,76166.50
18355_51845_5cm_CC46,18491964,18.4920,46229.91
18365_51845_5cm_CC46,41081828,41.0818,102704.57
18400_51845_5cm_CC46,55801433,55.8014,139503.58
18405_51845_5cm_CC46,58239987,58.2400,145599.97
18410_51845_5cm_CC46,56579019,56.5790,141447.55
18425_51845_5cm_CC46,17123135,17.1231,42807.84
18415_51845_5cm_CC46,44123577,44.1236,110308.94
18430_51845_5cm_CC46,27390834,27.3908,68477.09
18420_51845_5cm_CC46,19273677,19.2737,48184.19
18445_51845_5cm_CC46,24819448,24.8194,62048.62
18435_51845_5cm_CC46,13350485,13.3505,33376.21
18450_51845_5cm_CC46,20588095,20.5881,51470.24
18440_51845_5cm_CC46,23660891,23.6609,59152.23
18455_51845_5cm_CC46,20329116,20.3291,50822.79
18465_51845_5cm_CC46,15204392,15.2044,38010.98
18375_51840_5cm_CC46,3557851,3.5579,8894.63
18470_51845_5cm_CC46,41748203,41.7482,104370.51
18460_51845_5cm_CC46,38942485,38.9425,97356.21
18475_51845_5cm_CC46,5671111,5.6711,14177.78
18395_51840_5cm_CC46,11505188,11.5052,28762.97
18480_51845_5cm_CC46,2836665,2.8367,7091.66
18485_51845_5cm_CC46,5463500,5.4635,13658.75
18490_51845_5cm_CC46,9993596,9.9936,24983.99
18340_51840_5cm_CC46,24338776,24.3388,60846.94
18345_51840_5cm_CC46,16328119,16.3281,40820.30
18360_51840_5cm_CC46,38216146,38.2161,95540.37
18370_51840_5cm_CC46,35032832,35.0328,87582.08
18365_51840_5cm_CC46,45907757,45.9078,114769.39
18355_51840_5cm_CC46,18606716,18.6067,46516.79
18350_51840_5cm_CC46,21219259,21.2193,53048.15
18405_51840_5cm_CC46,50456411,50.4564,126141.03
18400_51840_5cm_CC46,57219246,57.2192,143048.11
18420_51840_5cm_CC46,18216461,18.2165,45541.15
18410_51840_5cm_CC46,40508637,40.5086,101271.59
18425_51840_5cm_CC46,20752417,20.7524,51881.04
18415_51840_5cm_CC46,31226133,31.2261,78065.33
18430_51840_5cm_CC46,21559000,21.5590,53897.50
18435_51840_5cm_CC46,20180113,20.1801,50450.28
18440_51840_5cm_CC46,19941706,19.9417,49854.26
18450_51840_5cm_CC46,23592253,23.5923,58980.63
18445_51840_5cm_CC46,24286311,24.2863,60715.78
18455_51840_5cm_CC46,18323208,18.3232,45808.02
18465_51840_5cm_CC46,9716177,9.7162,24290.44
18460_51840_5cm_CC46,14522499,14.5225,36306.25
18470_51840_5cm_CC46,54081703,54.0817,135204.26
18395_51835_5cm_CC46,3630083,3.6301,9075.21
18380_51835_5cm_CC46,3332863,3.3329,8332.16
18485_51840_5cm_CC46,16394808,16.3948,40987.02
18480_51840_5cm_CC46,24081044,24.0810,60202.61
18475_51840_5cm_CC46,18130167,18.1302,45325.42
18340_51835_5cm_CC46,11202132,11.2021,28005.33
18490_51840_5cm_CC46,9219562,9.2196,23048.90
18345_51835_5cm_CC46,19361321,19.3613,48403.30
18350_51835_5cm_CC46,21978149,21.9781,54945.37
18360_51835_5cm_CC46,28164691,28.1647,70411.73
18355_51835_5cm_CC46,23866685,23.8667,59666.71
18370_51835_5cm_CC46,47776871,47.7769,119442.18
18365_51835_5cm_CC46,41025028,41.0250,102562.57
18375_51835_5cm_CC46,27832582,27.8326,69581.46
18400_51835_5cm_CC46,47849656,47.8497,119624.14
18410_51835_5cm_CC46,57204034,57.2040,143010.08
18405_51835_5cm_CC46,58000459,58.0005,145001.15
18415_51835_5cm_CC46,28820599,28.8206,72051.50
18435_51835_5cm_CC46,18436651,18.4367,46091.63
18420_51835_5cm_CC46,20679480,20.6795,51698.70
18430_51835_5cm_CC46,22465607,22.4656,56164.02
18425_51835_5cm_CC46,24741975,24.7420,61854.94
18440_51835_5cm_CC46,18614711,18.6147,46536.78
18450_51835_5cm_CC46,27544819,27.5448,68862.05
18445_51835_5cm_CC46,13576845,13.5768,33942.11
18460_51835_5cm_CC46,29267796,29.2678,73169.49
18455_51835_5cm_CC46,21980530,21.9805,54951.33
18465_51835_5cm_CC46,23954399,23.9544,59886.00
18475_51835_5cm_CC46,17410494,17.4105,43526.24
18385_51830_5cm_CC46,8652201,8.6522,21630.50
18470_51835_5cm_CC46,6566891,6.5669,16417.23
18485_51835_5cm_CC46,12344781,12.3448,30861.95
18495_51835_5cm_CC46,12563128,12.5631,31407.82
18490_51835_5cm_CC46,3114145,3.1141,7785.36
18345_51830_5cm_CC46,13035260,13.0353,32588.15
18480_51835_5cm_CC46,22955793,22.9558,57389.48
18340_51830_5cm_CC46,11046575,11.0466,27616.44
18390_51830_5cm_CC46,21613601,21.6136,54034.00
18360_51830_5cm_CC46,25341307,25.3413,63353.27
18355_51830_5cm_CC46,18050661,18.0507,45126.65
18350_51830_5cm_CC46,21451370,21.4514,53628.43
18380_51830_5cm_CC46,35775816,35.7758,89439.54
18365_51830_5cm_CC46,34990275,34.9903,87475.69
18375_51830_5cm_CC46,26758100,26.7581,66895.25
18370_51830_5cm_CC46,32708471,32.7085,81771.18
18395_51830_5cm_CC46,55514765,55.5148,138786.91
18405_51830_5cm_CC46,58377457,58.3775,145943.64
18410_51830_5cm_CC46,56195024,56.1950,140487.56
18400_51830_5cm_CC46,54530637,54.5306,136326.59
18430_51830_5cm_CC46,11139224,11.1392,27848.06
18425_51830_5cm_CC46,16304959,16.3050,40762.40
18420_51830_5cm_CC46,29631378,29.6314,74078.45
18435_51830_5cm_CC46,17522209,17.5222,43805.52
18440_51830_5cm_CC46,22120569,22.1206,55301.42
18415_51830_5cm_CC46,38829501,38.8295,97073.75
18455_51830_5cm_CC46,16016819,16.0168,40042.05
18445_51830_5cm_CC46,16307815,16.3078,40769.54
18450_51830_5cm_CC46,18336195,18.3362,45840.49
18460_51830_5cm_CC46,20641292,20.6413,51603.23
18465_51830_5cm_CC46,35886523,35.8865,89716.31
18470_51830_5cm_CC46,7115771,7.1158,17789.43
18475_51830_5cm_CC46,27548919,27.5489,68872.30
18490_51830_5cm_CC46,3923487,3.9235,9808.72
18485_51830_5cm_CC46,8133177,8.1332,20332.94
18480_51830_5cm_CC46,15436304,15.4363,38590.76
18495_51830_5cm_CC46,6547222,6.5472,16368.06
18315_51825_5cm_CC46,10087326,10.0873,25218.32
18310_51825_5cm_CC46,10570330,10.5703,26425.83
18320_51825_5cm_CC46,14613836,14.6138,36534.59
18325_51825_5cm_CC46,15557756,15.5578,38894.39
18330_51825_5cm_CC46,16543814,16.5438,41359.54
18335_51825_5cm_CC46,15191952,15.1920,37979.88
18340_51825_5cm_CC46,15836603,15.8366,39591.51
18355_51825_5cm_CC46,27384035,27.3840,68460.09
18345_51825_5cm_CC46,16100467,16.1005,40251.17
18350_51825_5cm_CC46,22383719,22.3837,55959.30
18360_51825_5cm_CC46,34458429,34.4584,86146.07
18365_51825_5cm_CC46,32855598,32.8556,82138.99
18380_51825_5cm_CC46,44592348,44.5923,111480.87
18375_51825_5cm_CC46,41011839,41.0118,102529.60
18370_51825_5cm_CC46,43638101,43.6381,109095.25
18385_51825_5cm_CC46,49288695,49.2887,123221.74
18395_51825_5cm_CC46,56712948,56.7129,141782.37
18400_51825_5cm_CC46,51762530,51.7625,129406.32
18390_51825_5cm_CC46,38455867,38.4559,96139.67
18405_51825_5cm_CC46,53169396,53.1694,132923.49
18410_51825_5cm_CC46,40000731,40.0007,100001.83
18415_51825_5cm_CC46,52343501,52.3435,130858.75
18435_51825_5cm_CC46,11309022,11.3090,28272.56
18420_51825_5cm_CC46,47600385,47.6004,119000.96
18440_51825_5cm_CC46,20272164,20.2722,50680.41
18430_51825_5cm_CC46,29532871,29.5329,73832.18
18425_51825_5cm_CC46,29146678,29.1467,72866.70
18450_51825_5cm_CC46,13471001,13.4710,33677.50
18445_51825_5cm_CC46,17659707,17.6597,44149.27
18455_51825_5cm_CC46,15365567,15.3656,38413.92
18460_51825_5cm_CC46,16557461,16.5575,41393.65
18465_51825_5cm_CC46,17573488,17.5735,43933.72
18470_51825_5cm_CC46,26333300,26.3333,65833.25
18475_51825_5cm_CC46,30376635,30.3766,75941.59
18480_51825_5cm_CC46,20468797,20.4688,51171.99
18485_51825_5cm_CC46,12688028,12.6880,31720.07
18490_51825_5cm_CC46,12377287,12.3773,30943.22
18310_51820_5cm_CC46,7076032,7.0760,17690.08
18495_51825_5cm_CC46,2588113,2.5881,6470.28
18315_51820_5cm_CC46,10607059,10.6071,26517.65
18325_51820_5cm_CC46,17944956,17.9450,44862.39
18320_51820_5cm_CC46,15512513,15.5125,38781.28
18330_51820_5cm_CC46,19605158,19.6052,49012.90
18340_51820_5cm_CC46,9264216,9.2642,23160.54
18345_51820_5cm_CC46,9972419,9.9724,24931.05
18335_51820_5cm_CC46,22052833,22.0528,55132.08
18350_51820_5cm_CC46,20496877,20.4969,51242.19
18380_51820_5cm_CC46,37652341,37.6523,94130.85
18365_51820_5cm_CC46,23371778,23.3718,58429.44
18375_51820_5cm_CC46,42727521,42.7275,106818.80
18355_51820_5cm_CC46,26837931,26.8379,67094.83
18360_51820_5cm_CC46,26029263,26.0293,65073.16
18390_51820_5cm_CC46,33513292,33.5133,83783.23
18385_51820_5cm_CC46,45194698,45.1947,112986.74
18370_51820_5cm_CC46,34338758,34.3388,85846.90
18395_51820_5cm_CC46,55597447,55.5974,138993.62
18400_51820_5cm_CC46,53363369,53.3634,133408.42
18405_51820_5cm_CC46,33118551,33.1186,82796.38
18410_51820_5cm_CC46,32738406,32.7384,81846.01
18415_51820_5cm_CC46,40987001,40.9870,102467.50
18430_51820_5cm_CC46,23197338,23.1973,57993.35
18440_51820_5cm_CC46,15726842,15.7268,39317.11
18420_51820_5cm_CC46,28791973,28.7920,71979.93
18425_51820_5cm_CC46,20893810,20.8938,52234.53
18445_51820_5cm_CC46,14068167,14.0682,35170.42
18435_51820_5cm_CC46,7742589,7.7426,19356.47
18455_51820_5cm_CC46,9989515,9.9895,24973.79
18450_51820_5cm_CC46,9646768,9.6468,24116.92
18460_51820_5cm_CC46,9410907,9.4109,23527.27
18470_51820_5cm_CC46,13059534,13.0595,32648.83
18465_51820_5cm_CC46,15727568,15.7276,39318.92
18475_51820_5cm_CC46,22866475,22.8665,57166.19
18480_51820_5cm_CC46,7406152,7.4062,18515.38
18485_51820_5cm_CC46,10427158,10.4272,26067.90
18490_51820_5cm_CC46,15197898,15.1979,37994.75
18310_51815_5cm_CC46,14101574,14.1016,35253.93
18495_51820_5cm_CC46,15877095,15.8771,39692.74
18325_51815_5cm_CC46,15110177,15.1102,37775.44
18330_51815_5cm_CC46,17783885,17.7839,44459.71
18345_51815_5cm_CC46,14650674,14.6507,36626.68
18320_51815_5cm_CC46,25313122,25.3131,63282.81
18335_51815_5cm_CC46,16626718,16.6267,41566.79
18340_51815_5cm_CC46,9323443,9.3234,23308.61
18315_51815_5cm_CC46,15351244,15.3512,38378.11
18350_51815_5cm_CC46,15024819,15.0248,37562.05
18355_51815_5cm_CC46,19104900,19.1049,47762.25
18360_51815_5cm_CC46,20160812,20.1608,50402.03
18365_51815_5cm_CC46,16212942,16.2129,40532.36
18370_51815_5cm_CC46,9867053,9.8671,24667.63
18375_51815_5cm_CC46,25931827,25.9318,64829.57
18380_51815_5cm_CC46,39315730,39.3157,98289.32
18385_51815_5cm_CC46,45225602,45.2256,113064.01
18390_51815_5cm_CC46,33828993,33.8290,84572.48
18395_51815_5cm_CC46,37113899,37.1139,92784.75
18400_51815_5cm_CC46,40893585,40.8936,102233.96
18415_51815_5cm_CC46,37895080,37.8951,94737.70
18405_51815_5cm_CC46,25047803,25.0478,62619.51
18410_51815_5cm_CC46,29140073,29.1401,72850.18
18425_51815_5cm_CC46,20743454,20.7435,51858.64
18420_51815_5cm_CC46,29102648,29.1026,72756.62
18430_51815_5cm_CC46,20528582,20.5286,51321.46
18440_51815_5cm_CC46,13219790,13.2198,33049.47
18435_51815_5cm_CC46,16629884,16.6299,41574.71
18450_51815_5cm_CC46,8896508,8.8965,22241.27
18445_51815_5cm_CC46,11200967,11.2010,28002.42
18455_51815_5cm_CC46,7293182,7.2932,18232.96
18460_51815_5cm_CC46,12775936,12.7759,31939.84
18465_51815_5cm_CC46,12901588,12.9016,32253.97
18475_51815_5cm_CC46,10644994,10.6450,26612.49
18470_51815_5cm_CC46,10398340,10.3983,25995.85
18480_51815_5cm_CC46,6534704,6.5347,16336.76
18485_51815_5cm_CC46,14455287,14.4553,36138.22
18495_51815_5cm_CC46,14648855,14.6489,36622.14
18315_51810_5cm_CC46,16214816,16.2148,40537.04
18310_51810_5cm_CC46,14614048,14.6140,36535.12
18320_51810_5cm_CC46,16078292,16.0783,40195.73
18490_51815_5cm_CC46,19230394,19.2304,48075.99
18325_51810_5cm_CC46,17662684,17.6627,44156.71
18330_51810_5cm_CC46,17941323,17.9413,44853.31
18340_51810_5cm_CC46,20291390,20.2914,50728.47
18335_51810_5cm_CC46,12865071,12.8651,32162.68
18345_51810_5cm_CC46,24297756,24.2978,60744.39
18350_51810_5cm_CC46,23757486,23.7575,59393.72
18370_51810_5cm_CC46,18930865,18.9309,47327.16
18360_51810_5cm_CC46,18342542,18.3425,45856.36
18365_51810_5cm_CC46,17468794,17.4688,43671.99
18355_51810_5cm_CC46,18329585,18.3296,45823.96
18380_51810_5cm_CC46,37200676,37.2007,93001.69
18375_51810_5cm_CC46,18580831,18.5808,46452.08
18385_51810_5cm_CC46,32338889,32.3389,80847.22
18390_51810_5cm_CC46,26175233,26.1752,65438.08
18405_51810_5cm_CC46,27706407,27.7064,69266.02
18395_51810_5cm_CC46,25090527,25.0905,62726.32
18400_51810_5cm_CC46,21508858,21.5089,53772.15
18410_51810_5cm_CC46,21591244,21.5912,53978.11
18415_51810_5cm_CC46,25370510,25.3705,63426.28
18420_51810_5cm_CC46,22173037,22.1730,55432.59
18425_51810_5cm_CC46,23057801,23.0578,57644.50
18435_51810_5cm_CC46,10731547,10.7315,26828.87
18430_51810_5cm_CC46,19083803,19.0838,47709.51
18440_51810_5cm_CC46,8157550,8.1575,20393.88
18445_51810_5cm_CC46,13171353,13.1714,32928.38
18460_51810_5cm_CC46,5337703,5.3377,13344.26
18455_51810_5cm_CC46,6319283,6.3193,15798.21
18450_51810_5cm_CC46,9196716,9.1967,22991.79
18465_51810_5cm_CC46,8124085,8.1241,20310.21
18470_51810_5cm_CC46,5940074,5.9401,14850.18
18480_51810_5cm_CC46,8012893,8.0129,20032.23
18485_51810_5cm_CC46,9766363,9.7664,24415.91
18475_51810_5cm_CC46,7848680,7.8487,19621.70
18580_51810_5cm_CC46,8174585,8.1746,20436.46
18490_51810_5cm_CC46,11546466,11.5465,28866.17
18495_51810_5cm_CC46,14133326,14.1333,35333.32
18590_51810_5cm_CC46,7187077,7.1871,17967.69
18585_51810_5cm_CC46,6976014,6.9760,17440.03
18595_51810_5cm_CC46,9179216,9.1792,22948.04
18600_51810_5cm_CC46,10602735,10.6027,26506.84
18310_51805_5cm_CC46,14751004,14.7510,36877.51
18315_51805_5cm_CC46,14812152,14.8122,37030.38
18320_51805_5cm_CC46,13366157,13.3662,33415.39
18330_51805_5cm_CC46,13830834,13.8308,34577.08
18325_51805_5cm_CC46,19178967,19.1790,47947.42
18345_51805_5cm_CC46,12611300,12.6113,31528.25
18340_51805_5cm_CC46,13674793,13.6748,34186.98
18350_51805_5cm_CC46,11935162,11.9352,29837.90
18335_51805_5cm_CC46,20147061,20.1471,50367.65
